Glottocode	Island group
ajie1238	New Caledonia
akei1237	Central Vanuatu
amba1266	Temotu
ambl1237	Central Vanuatu
anei1239	Southern Vanuatu
anut1237	Central Pacific
aore1237	Central Vanuatu
apma1240	Central Vanuatu
arak1252	Central Vanuatu
arha1237	New Caledonia
arho1237	New Caledonia
asum1237	Temotu
aulu1238	Central Vanuatu
avok1244	Central Vanuatu
axam1237	Central Vanuatu
ayiw1239	Temotu
baet1237	Central Vanuatu
baki1244	Central Vanuatu
bala1316	New Caledonia
bier1244	Central Vanuatu
bier1246	Central Vanuatu
bign1238	Central Vanuatu
burm1263	Central Vanuatu
butm1237	Central Vanuatu
bwat1240	New Caledonia
bwen1239	Central Vanuatu
caac1237	New Caledonia
caro1242	Micronesia
cemu1238	New Caledonia
cent2058	Central Vanuatu
cham1312	Micronesia
chuu1238	Micronesia
daka1243	Central Vanuatu
dehu1237	New Caledonia
dixo1238	Central Vanuatu
dumb1241	New Caledonia
east2443	Central Vanuatu
east2447	Central Pacific
emae1237	Central Pacific
eton1255	Central Vanuatu
fort1240	Central Vanuatu
futu1245	Central Pacific
fwai1237	New Caledonia
gilb1244	Micronesia
gone1237	Central Pacific
haek1239	New Caledonia
hano1246	Central Vanuatu
have1241	New Caledonia
hawa1245	Central Pacific
hiww1237	Northern Vanuatu
hmwa1243	New Caledonia
iaai1238	New Caledonia
ifoo1237	Southern Vanuatu
jawe1237	New Caledonia
kada1285	Central Pacific
kapi1249	Central Pacific
katb1237	Central Vanuatu
koro1308	Northern Vanuatu
kosr1238	Micronesia
kuma1276	New Caledonia
kwam1252	Southern Vanuatu
labo1244	Central Vanuatu
lako1245	Northern Vanuatu
lame1260	Central Vanuatu
lare1249	Central Vanuatu
laua1243	Central Pacific
leha1243	Northern Vanuatu
leha1244	Northern Vanuatu
lele1267	Central Vanuatu
leme1238	Northern Vanuatu
lena1238	Southern Vanuatu
lete1241	Central Vanuatu
lewo1242	Central Vanuatu
ling1265	Central Vanuatu
litz1237	Central Vanuatu
loma1261	Central Pacific
lonw1238	Central Vanuatu
lore1244	Central Vanuatu
loto1240	Northern Vanuatu
maee1241	Central Vanuatu
mafe1237	Central Vanuatu
maii1238	Central Vanuatu
malf1237	Central Vanuatu
malo1243	Central Vanuatu
malu1245	Central Vanuatu
mang1401	Central Pacific
maor1246	Central Pacific
mapi1250	Micronesia
mara1399	Central Vanuatu
mari1426	Central Vanuatu
mars1254	Micronesia
mask1242	Central Vanuatu
mele1250	Central Pacific
mere1242	Central Vanuatu
merl1237	Northern Vanuatu
moki1238	Micronesia
mori1267	Central Pacific
moro1286	Central Vanuatu
mort1237	Micronesia
mota1237	Northern Vanuatu
motl1237	Northern Vanuatu
mpot1241	Central Vanuatu
nalo1235	Temotu
nama1268	Central Vanuatu
namo1247	Micronesia
namo1248	Central Pacific
nang1262	Temotu
nara1263	Central Vanuatu
nasa1240	Central Vanuatu
nasv1234	Central Vanuatu
nati1244	Central Vanuatu
natu1246	Temotu
naur1243	Micronesia
navu1237	Central Vanuatu
navw1234	Central Vanuatu
neku1237	New Caledonia
nemi1240	New Caledonia
neng1238	New Caledonia
nese1235	Central Vanuatu
ngul1236	Micronesia
nisv1234	Central Vanuatu
niti1249	Central Vanuatu
niua1240	Central Pacific
niua1241	Central Pacific
niue1239	Central Pacific
noku1237	Central Vanuatu
nort2836	Central Vanuatu
nort2839	Central Vanuatu
nort2843	Central Pacific
nort2845	Central Pacific
nort2847	Southern Vanuatu
nuku1258	Central Pacific
nuku1259	Central Pacific
nuku1260	Central Pacific
nume1241	Northern Vanuatu
nume1242	New Caledonia
nyal1254	New Caledonia
onto1237	Central Pacific
orko1234	Central Vanuatu
orow1242	New Caledonia
paaf1237	Micronesia
paam1238	Central Vanuatu
paic1239	New Caledonia
pala1344	Micronesia
penr1237	Central Pacific
piam1242	Central Vanuatu
pije1237	New Caledonia
pile1238	Central Pacific
ping1243	Micronesia
pohn1238	Micronesia
poll1238	Micronesia
polo1242	Central Vanuatu
port1285	Central Vanuatu
port1286	Central Vanuatu
puka1242	Central Pacific
pulu1242	Micronesia
pwaa1237	New Caledonia
pwap1237	New Caledonia
raiv1237	Central Pacific
raka1237	Central Pacific
rapa1244	Central Pacific
rapa1245	Central Pacific
raro1241	Central Pacific
renn1242	Central Pacific
rere1240	Central Vanuatu
rima1237	Central Pacific
rori1237	Central Vanuatu
rotu1241	Central Pacific
ruru1237	Central Pacific
saaa1241	Central Vanuatu
saka1289	Central Vanuatu
samo1305	Central Pacific
sata1237	Micronesia
seke1241	Central Vanuatu
shar1244	Central Vanuatu
siee1239	Southern Vanuatu
sika1261	Central Pacific
sons1242	Micronesia
sout2856	Central Vanuatu
sout2857	Central Vanuatu
sout2859	Central Vanuatu
sout2864	Central Pacific
sout2866	Central Pacific
sout2869	Southern Vanuatu
sowa1244	Central Vanuatu
tahi1242	Central Pacific
taku1257	Central Pacific
tamb1253	Central Vanuatu
tana1281	Micronesia
tane1237	Temotu
tang1347	Central Vanuatu
tani1255	Temotu
tasm1246	Central Vanuatu
tean1237	Temotu
tial1239	Central Vanuatu
tiko1237	Central Pacific
tiri1258	New Caledonia
tobi1238	Micronesia
toke1240	Central Pacific
tolo1255	Central Vanuatu
tong1325	Central Pacific
tuam1242	Central Pacific
tubu1240	Central Pacific
tutu1241	Central Vanuatu
tuva1244	Central Pacific
ulit1238	Micronesia
unua1237	Central Vanuatu
urav1235	Southern Vanuatu
urip1239	Central Vanuatu
valp1237	Central Vanuatu
vama1243	New Caledonia
vano1237	Temotu
vaoo1237	Central Vanuatu
vera1241	Northern Vanuatu
vinm1237	Central Vanuatu
vivt1234	Central Vanuatu
vuna1239	Central Vanuatu
vure1239	Northern Vanuatu
waam1236	New Caledonia
wail1242	Central Vanuatu
wall1257	Central Pacific
west2513	Central Vanuatu
west2516	Central Pacific
west2519	Central Pacific
weta1242	Northern Vanuatu
whit1269	Southern Vanuatu
wole1240	Micronesia
wusi1237	Central Vanuatu
xara1243	New Caledonia
xara1244	New Caledonia
yape1248	Micronesia
yuag1237	New Caledonia
zire1240	New Caledonia
wuvu1239	Bismarck
tita1241	Bismarck
kele1258	Bismarck
arop1243	Bismarck
lele1270	Bismarck
balu1257	Bismarck
louu1245	Bismarck
loni1238	Bismarck
papi1254	Bismarck
karn1252	Bismarck
mbul1263	Bismarck
male1289	Bismarck
bari1286	Bismarck
amar1272	Bismarck
unea1237	Bismarck
lusi1240	Bismarck
mouk1239	Bismarck
lamo1244	Bismarck
mudu1242	Bismarck
muss1246	Bismarck
kove1237	Bismarck
kaul1240	Bismarck
tung1290	Bismarck
mang1403	Bismarck
naka1262	Bismarck
tiga1245	Bismarck
lote1237	Bismarck
nali1244	Bismarck
meng1267	Bismarck
mera1242	Bismarck
nots1237	Bismarck
mada1285	Bismarck
mini1251	Bismarck
kuan1248	Bismarck
baro1253	Bismarck
ramo1244	Bismarck
patp1243	Bismarck
lihi1237	Bismarck
labe1239	Bismarck
surs1246	Bismarck
kand1301	Bismarck
siar1238	Bismarck
tang1348	Bismarck
hali1244	Bismarck
sapo1253	Bismarck
teop1238	Bismarck
papa1265	Bismarck
bauu1243	Central Pacific
fiji1243	Central Pacific
waya1268	Central Pacific
nucl1487	Central Pacific
repa1237	Central Vanuatu
arop1242	New Guinea mainland / Louisiade archipelago
kair1263	New Guinea mainland / Louisiade archipelago
mana1295	New Guinea mainland / Louisiade archipelago
geda1237	New Guinea mainland / Louisiade archipelago
taki1248	New Guinea mainland / Louisiade archipelago
adze1240	New Guinea mainland / Louisiade archipelago
midd1327	New Guinea mainland / Louisiade archipelago
mato1252	New Guinea mainland / Louisiade archipelago
arib1241	New Guinea mainland / Louisiade archipelago
sioo1240	New Guinea mainland / Louisiade archipelago
yabe1254	New Guinea mainland / Louisiade archipelago
mais1250	New Guinea mainland / Louisiade archipelago
gapa1238	New Guinea mainland / Louisiade archipelago
tawa1275	New Guinea mainland / Louisiade archipelago
kili1267	New Guinea mainland / Louisiade archipelago
sude1239	New Guinea mainland / Louisiade archipelago
rali1241	Micronesia
bann1247	Solomons and Bougainville
tora1259	Solomons and Bougainville
urua1242	Solomons and Bougainville
mono1273	Solomons and Bougainville
simb1256	Solomons and Bougainville
ghan1242	Solomons and Bougainville
sisi1250	Solomons and Bougainville
baba1268	Solomons and Bougainville
ughe1237	Solomons and Bougainville
rovi1238	Solomons and Bougainville
kusa1251	Solomons and Bougainville
hoav1238	Solomons and Bougainville
zaba1237	Solomons and Bougainville
koko1269	Solomons and Bougainville
bugh1239	Solomons and Bougainville
ghar1239	Solomons and Bougainville
gela1263	Solomons and Bougainville
tali1259	Solomons and Bougainville
leng1259	Solomons and Bougainville
toab1237	Solomons and Bougainville
long1395	Solomons and Bougainville
wala1266	Solomons and Bougainville
kwar1239	Solomons and Bougainville
lauu1247	Solomons and Bougainville
kwai1243	Solomons and Bougainville
area1240	Solomons and Bougainville
aros1241	Solomons and Bougainville
saaa1240	Solomons and Bougainville
oroh1237	Solomons and Bougainville
owaa1237	Solomons and Bougainville
lamo1243	Micronesia
aust1304	Central Pacific
pitc1234	NA
anda1280	NA
akar1243	NA
siku1242	NA
mina1268	NA
sime1241	NA
coco1260	NA
gayo1244	NA
nias1242	NA
bata1292	NA
bata1294	NA
bata1293	NA
bata1288	NA
ment1249	NA
bata1289	NA
bata1290	NA
lubu1241	NA
bata1291	NA
keri1250	NA
peka1242	NA
jede1239	NA
kubu1239	NA
engg1245	NA
reja1240	NA
jamb1236	NA
cent2053	NA
duan1242	NA
coll1240	NA
kaur1269	NA
lonc1237	NA
musi1241	NA
haji1235	NA
lamp1243	NA
kome1238	NA
lamp1242	NA
bang1365	NA
badu1237	NA
petj1238	NA
beta1252	NA
sund1252	NA
kend1254	NA
rara1235	NA
beka1241	NA
sara1329	NA
indo1316	NA
beny1237	NA
trin1271	NA
baub1235	NA
trin1273	NA
ribu1241	NA
biat1246	NA
sang1339	NA
kemb1249	NA
sebu1243	NA
sema1269	NA
jang1257	NA
buka1257	NA
remu1237	NA
java1254	NA
bala1306	NA
kawi1241	NA
mual1241	NA
mala1480	NA
sebe1242	NA
cent2101	NA
daro1239	NA
sibu1258	NA
keni1248	NA
kohi1250	NA
seru1247	NA
indo1291	NA
kano1244	NA
pera1256	NA
emba1238	NA
ngaj1237	NA
iban1264	NA
kang1289	NA
tama1335	NA
nucl1460	NA
teng1272	NA
puna1275	NA
buka1261	NA
mend1267	NA
otda1235	NA
seka1248	NA
bint1246	NA
kere1285	NA
sian1255	NA
kaja1250	NA
hovo1239	NA
puna1278	NA
laha1253	NA
naro1251	NA
lela1246	NA
main1275	NA
aohe1237	NA
reja1241	NA
sebo1238	NA
umal1239	NA
osin1237	NA
kipu1237	NA
brun1242	NA
muri1259	NA
kaya1324	NA
bara1370	NA
brun1245	NA
west2563	NA
west2564	NA
cent2098	NA
ukit1237	NA
east2485	NA
east2486	NA
tuto1241	NA
sian1254	NA
baku1263	NA
long1406	NA
buki1248	NA
bela1260	NA
dusu1267	NA
bali1278	NA
bali1279	NA
paku1239	NA
maan1238	NA
beng1239	NA
tawo1243	NA
baha1257	NA
dusu1269	NA
busa1255	NA
kela1258	NA
lund1271	NA
saba1267	NA
tata1257	NA
dusu1271	NA
papa1268	NA
klia1235	NA
puna1268	NA
buki1247	NA
saba1265	NA
okol1241	NA
banj1239	NA
timu1262	NA
kaya1325	NA
lawa1257	NA
tunj1244	NA
leng1260	NA
coas1294	NA
puna1267	NA
kuij1237	NA
west2560	NA
gana1277	NA
taga1273	NA
keni1249	NA
lotu1250	NA
puna1274	NA
puna1266	NA
sasa1249	NA
kota1275	NA
palu1253	NA
ampa1239	NA
tamb1254	NA
puto1237	NA
selu1243	NA
book1241	NA
umal1238	NA
temp1235	NA
moda1244	NA
lana1236	NA
waha1238	NA
tobi1239	NA
waha1239	NA
cent2100	NA
rung1259	NA
mino1243	NA
tamp1254	NA
semb1240	NA
kota1279	NA
uppe1427	NA
kota1278	NA
sega1243	NA
kima1244	NA
buru1304	NA
saba1263	NA
molb1237	NA
bong1289	NA
sugu1243	NA
seru1246	NA
bolo1268	NA
kala1391	NA
tomb1244	NA
sout2916	NA
saja1241	NA
dump1242	NA
sumb1241	NA
labu1249	NA
teng1267	NA
sout3241	NA
cent2091	NA
broo1239	NA
bera1262	NA
basa1286	NA
tamb1257	NA
iran1262	NA
abai1240	NA
bima1247	NA
cent2092	NA
tagb1258	NA
idaa1241	NA
mapu1244	NA
taus1251	NA
ulum1237	NA
bata1301	NA
mand1442	NA
mamu1255	NA
kodi1247	NA
pann1239	NA
bamb1270	NA
dakk1238	NA
cuyo1237	NA
topo1243	NA
aral1243	NA
budo1241	NA
cent2090	NA
bara1371	NA
lamb1273	NA
saru1242	NA
weje1237	NA
talo1251	NA
maka1305	NA
wanu1241	NA
kalu1247	NA
komo1261	NA
sout2918	NA
mama1276	NA
daak1235	NA
mamb1305	NA
anak1240	NA
camp1262	NA
pana1303	NA
agut1237	NA
enre1239	NA
unde1235	NA
bala1314	NA
mali1283	NA
bent1237	NA
seko1242	NA
tora1261	NA
maka1311	NA
boli1256	NA
pend1242	NA
duri1242	NA
kaga1256	NA
high1275	NA
seko1243	NA
umaa1242	NA
bugi1244	NA
maiw1250	NA
moma1242	NA
taji1246	NA
lind1248	NA
taje1237	NA
cala1258	NA
tina1248	NA
ledo1238	NA
taee1237	NA
boto1242	NA
magi1241	NA
aben1249	NA
damp1237	NA
kamb1299	NA
lauj1238	NA
lemo1243	NA
amba1267	NA
coas1295	NA
sira1267	NA
bada1261	NA
mang1405	NA
napu1241	NA
ramp1243	NA
pang1290	NA
sedo1237	NA
beso1237	NA
maga1263	NA
laiy1246	NA
bata1297	NA
sela1260	NA
pamp1243	NA
pang1291	NA
papo1239	NA
babu1240	NA
vill1242	NA
iray1237	NA
inla1260	NA
kank1243	NA
ibal1244	NA
moya1235	NA
rong1269	NA
rajo1237	NA
dond1249	NA
saar1237	NA
maen1235	NA
tern1248	NA
nort2877	NA
iwak1237	NA
tsou1248	NA
waer1237	NA
paiw1248	NA
masa1307	NA
kepo1237	NA
ruka1240	NA
toto1304	NA
bino1237	NA
kana1286	NA
tomi1243	NA
wotu1240	NA
ahin1234	NA
adas1235	NA
cent2292	NA
thao1240	NA
kode1237	NA
kara1487	NA
remb1250	NA
kulo1237	NA
ngad1261	NA
boan1243	NA
ilok1237	NA
kala1394	NA
puyu1239	NA
alan1249	NA
bunu1267	NA
west2559	NA
kele1259	NA
mori1269	NA
lubu1243	NA
amga1235	NA
soaa1237	NA
bana1288	NA
sout2905	NA
raha1237	NA
sais1237	NA
sout2908	NA
maba1279	NA
butb1235	NA
fina1242	NA
tuwa1243	NA
isin1239	NA
east2464	NA
riun1237	NA
isna1241	NA
east2482	NA
gadd1244	NA
rata1245	NA
uppe1424	NA
buhi1245	NA
hanu1241	NA
bata1298	NA
madu1248	NA
pado1242	NA
keoo1238	NA
pamo1252	NA
bala1310	NA
mayo1262	NA
taya1256	NA
pamp1244	NA
salu1253	NA
tady1237	NA
taiw1241	NA
nage1237	NA
lowe1412	NA
amis1246	NA
taro1264	NA
mori1268	NA
pudt1235	NA
limo1248	NA
calu1238	NA
atay1247	NA
keta1243	NA
fair1238	NA
remo1247	NA
nort2875	NA
gada1258	NA
umir1236	NA
phil1239	NA
buol1237	NA
kata1268	NA
yami1254	NA
ilon1239	NA
ende1246	NA
itaw1240	NA
nata1254	NA
dica1235	NA
kava1241	NA
arta1239	NA
bala1311	NA
baho1237	NA
palu1252	NA
yoga1237	NA
taga1270	NA
bone1254	NA
moro1287	NA
lioo1240	NA
sabu1255	NA
basa1287	NA
cent2084	NA
casi1235	NA
tola1247	NA
iban1267	NA
ibat1238	NA
tomb1245	NA
mala1491	NA
bobo1255	NA
toma1248	NA
ivat1242	NA
koro1311	NA
alab1246	NA
yaka1277	NA
inon1237	NA
bant1288	NA
waru1266	NA
kasi1256	NA
dupa1235	NA
chav1241	NA
bung1269	NA
indo1317	NA
goro1259	NA
kina1250	NA
west2557	NA
akla1241	NA
para1306	NA
sika1262	NA
batu1260	NA
atii1237	NA
kaim1241	NA
muna1247	NA
sulo1237	NA
romb1245	NA
koli1253	NA
buso1238	NA
dhao1237	NA
woli1241	NA
puka1244	NA
liab1237	NA
lewo1244	NA
lara1260	NA
maga1264	NA
ciac1237	NA
lama1277	NA
karo1299	NA
cama1250	NA
dela1251	NA
talo1252	NA
ataa1240	NA
deng1253	NA
kiok1239	NA
capi1239	NA
tiii1241	NA
panc1247	NA
hili1240	NA
cent2089	NA
kama1364	NA
kuli1254	NA
lole1239	NA
wawo1239	NA
lasa1237	NA
lapu1236	NA
kumb1274	NA
adon1237	NA
term1237	NA
bang1368	NA
andi1257	NA
kaid1239	NA
bala1315	NA
west2541	NA
bilb1242	NA
ring1244	NA
irig1242	NA
isar1235	NA
suwa1241	NA
helo1243	NA
cent2087	NA
levu1239	NA
ilea1237	NA
lama1278	NA
mtir1235	NA
fili1244	NA
bint1245	NA
alba1269	NA
sout2896	NA
mtir1236	NA
tuka1248	NA
lama1279	NA
nort2885	NA
kupa1239	NA
masb1238	NA
lewo1243	NA
keda1252	NA
bola1252	NA
tuka1249	NA
amar1273	NA
masb1237	NA
wara1299	NA
lamm1241	NA
mong1342	NA
lola1250	NA
tiru1241	NA
uabm1237	NA
sors1239	NA
inab1237	NA
teiw1235	NA
mara1404	NA
nede1245	NA
cota1241	NA
blag1240	NA
baik1238	NA
alor1247	NA
nort2883	NA
tere1277	NA
sout2912	NA
rett1240	NA
cebu1242	NA
sarr1247	NA
kelo1247	NA
kafo1240	NA
adan1251	NA
poro1253	NA
magu1243	NA
hama1240	NA
tbol1240	NA
kabo1247	NA
abui1241	NA
tons1239	NA
tont1239	NA
pono1240	NA
cina1236	NA
tomb1243	NA
ilia1236	NA
kuii1253	NA
kama1365	NA
west2555	NA
mala1481	NA
bant1286	NA
rata1244	NA
tali1262	NA
binu1244	NA
wers1238	NA
tond1251	NA
kula1280	NA
koro1310	NA
wara1300	NA
tons1240	NA
higa1237	NA
sawi1256	NA
obom1235	NA
kada1286	NA
kema1243	NA
mati1250	NA
taga1272	NA
buna1278	NA
tuku1254	NA
kala1388	NA
sara1326	NA
gian1241	NA
sang1337	NA
butu1244	NA
taga1268	NA
mamb1306	NA
sang1336	NA
atam1240	NA
sara1327	NA
tetu1245	NA
mama1275	NA
adab1235	NA
tetu1246	NA
timo1258	NA
kaga1255	NA
laka1255	NA
agus1235	NA
mang1408	NA
idat1237	NA
iliu1237	NA
galo1243	NA
habu1241	NA
sula1245	NA
suri1273	NA
diba1242	NA
kair1265	NA
mans1262	NA
huku1237	NA
raja1254	NA
kama1363	NA
waim1252	NA
cata1284	NA
kara1489	NA
sang1338	NA
dava1245	NA
aput1237	NA
maka1316	NA
pera1257	NA
buru1303	NA
tugu1245	NA
naue1237	NA
tala1285	NA
lise1239	NA
fata1247	NA
kaye1241	NA
kisa1266	NA
ambe1248	NA
oira1263	NA
maku1277	NA
tern1247	NA
east2440	NA
roma1332	NA
baca1243	NA
sahu1245	NA
waio1238	NA
gamk1238	NA
ibuu1240	NA
mani1297	NA
laba1241	NA
west2600	NA
taba1263	NA
leti1246	NA
tido1248	NA
modo1249	NA
lolo1264	NA
pagu1249	NA
kaoo1238	NA
luan1263	NA
asil1242	NA
boan1242	NA
lari1255	NA
luhu1243	NA
gane1237	NA
seit1239	NA
laha1251	NA
sawa1247	NA
tobe1252	NA
ambo1250	NA
hitu1239	NA
piru1241	NA
kaib1244	NA
tugu1246	NA
gora1261	NA
elpa1240	NA
lisa1239	NA
tule1244	NA
nort2828	NA
alun1238	NA
maba1278	NA
gale1259	NA
buli1255	NA
haru1244	NA
naka1263	NA
kama1362	NA
sout2892	NA
west2548	NA
hulu1246	NA
pata1260	NA
east2472	NA
sapa1251	NA
moks1249	NA
latu1237	NA
palu1237	NA
nusa1245	NA
paul1238	NA
nort2864	NA
loun1239	NA
amah1245	NA
nila1244	NA
seru1245	NA
teun1241	NA
sout2895	NA
huau1237	NA
sepa1242	NA
nort2867	NA
yala1266	NA
gebe1237	NA
sale1244	NA
manu1258	NA
imro1237	NA
telu1263	NA
daii1240	NA
tela1241	NA
empl1237	NA
nort2860	NA
sout2883	NA
west2535	NA
cent2072	NA
east2462	NA
lian1255	NA
seri1255	NA
band1353	NA
dawe1237	NA
matb1237	NA
beng1287	NA
hoti1237	NA
bobo1254	NA
biga1238	NA
kawe1240	NA
sala1269	NA
wauy1237	NA
masi1266	NA
bata1295	NA
gese1240	NA
lege1241	NA
bati1253	NA
made1253	NA
maya1282	NA
waig1244	NA
duri1243	NA
sela1259	NA
sege1235	NA
selu1242	NA
yamd1240	NA
ford1242	NA
moii1235	NA
kala1256	NA
watu1247	NA
asss1237	NA
teor1240	NA
mora1239	NA
tehi1237	NA
kurr1245	NA
kond1303	NA
onin1245	NA
onin1237	NA
yaha1248	NA
suab1238	NA
ihaa1241	NA
ihab1241	NA
pura1253	NA
kais1235	NA
abun1252	NA
koko1265	NA
seka1247	NA
kabu1249	NA
argu1237	NA
bedo1237	NA
maib1239	NA
baha1258	NA
karo1303	NA
kara1499	NA
erok1237	NA
urua1244	NA
morb1239	NA
aran1237	NA
kemb1235	NA
keii1239	NA
band1355	NA
mosk1236	NA
mpur1239	NA
tana1288	NA
buru1308	NA
kowi1239	NA
kamb1302	NA
irar1238	NA
meya1236	NA
mani1235	NA
wand1267	NA
mans1260	NA
hata1243	NA
nucl1594	NA
kuri1260	NA
west2538	NA
ujir1237	NA
east2465	NA
mano1275	NA
kare1339	NA
meos1237	NA
dusn1237	NA
lora1237	NA
semi1264	NA
tand1253	NA
roon1237	NA
kola1285	NA
koba1240	NA
dobe1238	NA
yere1243	NA
bara1367	NA
merr1239	NA
komp1237	NA
batu1258	NA
lola1248	NA
yaur1239	NA
mari1430	NA
ires1239	NA
woii1237	NA
tung1293	NA
pomm1237	NA
mara1397	NA
ansu1237	NA
biak1248	NA
kamo1255	NA
papu1251	NA
mung1269	NA
morm1235	NA
ekar1243	NA
busa1254	NA
bura1276	NA
awer1241	NA
auye1238	NA
kehu1238	NA
seru1244	NA
nucl1454	NA
sawe1240	NA
rasa1243	NA
daoo1238	NA
wori1246	NA
amba1265	NA
waro1242	NA
demi1242	NA
wola1243	NA
tefa1238	NA
wabo1240	NA
saur1251	NA
kofe1239	NA
fayu1238	NA
moni1261	NA
taus1252	NA
kuru1305	NA
bara1375	NA
kiri1256	NA
edop1238	NA
dama1272	NA
ware1253	NA
semp1241	NA
nisa1239	NA
bauz1241	NA
demm1245	NA
wano1243	NA
biri1259	NA
iauu1242	NA
pauw1243	NA
bagu1251	NA
obok1239	NA
duvl1242	NA
ndom1245	NA
trim1239	NA
yoke1238	NA
erit1239	NA
kone1241	NA
kwer1264	NA
kauw1242	NA
airo1242	NA
kaiy1239	NA
burm1264	NA
west2594	NA
dout1240	NA
sika1263	NA
mass1263	NA
sama1240	NA
kima1246	NA
nort2917	NA
ndug1245	NA
kwer1263	NA
wari1264	NA
cent2117	NA
rian1263	NA
nucl1595	NA
casu1237	NA
yaos1235	NA
isir1237	NA
papa1269	NA
wark1247	NA
sawi1257	NA
atoh1238	NA
liki1241	NA
sobe1238	NA
mand1443	NA
nucl1452	NA
wala1269	NA
kwes1245	NA
beri1254	NA
abin1243	NA
tama1336	NA
uppe1430	NA
kaya1328	NA
midg1235	NA
lowe1415	NA
sili1249	NA
wakd1237	NA
ngge1241	NA
masi1265	NA
tawo1244	NA
kede1239	NA
yelm1242	NA
dabe1239	NA
asue1235	NA
hupl1238	NA
yamn1237	NA
bone1255	NA
foau1240	NA
tamn1235	NA
yaqa1246	NA
beta1253	NA
momu1241	NA
pass1247	NA
makl1246	NA
ware1254	NA
itik1240	NA
nini1235	NA
diuw1238	NA
pode1237	NA
angg1239	NA
cita1245	NA
sapo1254	NA
anus1237	NA
sout2941	NA
bong1287	NA
bayo1260	NA
saus1247	NA
kosa1249	NA
papu1250	NA
mare1261	NA
koru1245	NA
cent2118	NA
awbo1238	NA
mawe1251	NA
nips1240	NA
kapo1250	NA
kapt1235	NA
momi1242	NA
nalc1240	NA
orya1242	NA
komb1274	NA
eder1237	NA
kopk1238	NA
nucl1622	NA
kwer1265	NA
buru1307	NA
aghu1255	NA
eipo1242	NA
koro1312	NA
nort2918	NA
unaa1239	NA
jair1235	NA
tarp1240	NA
kaur1271	NA
demt1241	NA
nucl1633	NA
tsak1250	NA
wang1299	NA
kosa1251	NA
komy1238	NA
mlap1238	NA
tang1353	NA
gres1240	NA
mekw1241	NA
kemt1242	NA
tabl1243	NA
else1239	NA
kemb1250	NA
kete1254	NA
mand1445	NA
lepk1238	NA
wamb1259	NA
usku1243	NA
naka1265	NA
nucl1632	NA
molo1262	NA
bian1251	NA
tofa1246	NA
ormu1248	NA
awyi1241	NA
ketu1238	NA
mand1444	NA
kayu1243	NA
yetf1238	NA
naml1240	NA
moro1289	NA
toba1266	NA
nafr1241	NA
taik1255	NA
badi1247	NA
dubu1240	NA
seng1285	NA
towe1240	NA
sout2940	NA
ngka1235	NA
iwur1240	NA
nort2916	NA
yeii1239	NA
kimk1238	NA
smar1235	NA
yafi1240	NA
nucl1634	NA
emum1240	NA
murk1238	NA
sowa1245	NA
wari1266	NA
dera1245	NA
sota1242	NA
pyuu1245	NA
mane1266	NA
ngal1298	NA
rema1238	NA
kark1258	NA
wutu1244	NA
ainb1238	NA
umed1238	NA
ning1274	NA
imon1245	NA
aman1265	NA
kilm1241	NA
ango1254	NA
suga1249	NA
yong1280	NA
daon1243	NA
blaf1238	NA
pagi1244	NA
gunt1241	NA
auwe1239	NA
vani1248	NA
naii1241	NA
tifa1245	NA
kris1246	NA
abau1245	NA
odia1239	NA
amto1250	NA
baib1251	NA
kuni1265	NA
siaw1243	NA
kunj1246	NA
aram1253	NA
bopa1235	NA
zima1244	NA
ning1275	NA
nucl1593	NA
wara1294	NA
mian1256	NA
aeky1238	NA
urap1239	NA
yale1246	NA
nimo1247	NA
iter1241	NA
guri1248	NA
nakw1240	NA
rawo1244	NA
fass1245	NA
nama1267	NA
faiw1243	NA
amap1240	NA
pare1271	NA
dree1234	NA
owin1240	NA
nama1266	NA
puar1240	NA
tele1256	NA
seta1245	NA
akkk1240	NA
nami1256	NA
molm1235	NA
iwam1256	NA
namo1246	NA
seti1248	NA
womo1238	NA
seta1246	NA
suki1245	NA
neme1244	NA
sout2932	NA
pouy1238	NA
kabo1248	NA
yiss1240	NA
kwam1254	NA
ineb1235	NA
awtu1239	NA
namb1293	NA
sera1260	NA
yaus1235	NA
suar1238	NA
amal1242	NA
awun1245	NA
nort2907	NA
papi1255	NA
wara1302	NA
kara1495	NA
nenn1238	NA
bimi1240	NA
siss1243	NA
kona1242	NA
elke1240	NA
tuwa1242	NA
lenn1234	NA
auuu1241	NA
yawi1238	NA
sepi1255	NA
oloo1241	NA
oksa1245	NA
yill1241	NA
kubo1242	NA
samo1303	NA
gnau1240	NA
goba1246	NA
kalo1262	NA
nucl1453	NA
laek1243	NA
malo1245	NA
peii1238	NA
diaa1238	NA
ning1273	NA
femb1238	NA
boga1247	NA
pahi1246	NA
idii1243	NA
pasi1259	NA
chen1259	NA
nabi1239	NA
mini1253	NA
beli1258	NA
tuml1238	NA
sina1269	NA
sani1270	NA
agii1245	NA
sili1247	NA
arii1243	NA
yaha1247	NA
woga1249	NA
ayip1235	NA
yapu1240	NA
were1244	NA
niks1238	NA
yang1295	NA
beri1253	NA
waru1267	NA
heyo1240	NA
duna1248	NA
aruo1240	NA
yang1297	NA
odoo1238	NA
brag1240	NA
mehe1243	NA
valm1241	NA
ngal1300	NA
wana1268	NA
beam1240	NA
yang1296	NA
agob1244	NA
amol1235	NA
nigi1241	NA
hewa1241	NA
eiti1240	NA
ambr1239	NA
turu1250	NA
yess1239	NA
soni1260	NA
torr1259	NA
kamu1260	NA
edol1239	NA
urim1252	NA
aime1238	NA
doso1239	NA
kapp1237	NA
kwom1262	NA
mend1268	NA
komb1272	NA
maka1315	NA
bitu1242	NA
kwan1278	NA
arue1240	NA
wagu1234	NA
yamb1254	NA
onob1238	NA
dibi1240	NA
piam1243	NA
kalu1248	NA
urat1244	NA
gizr1240	NA
yelo1243	NA
bahi1254	NA
abom1238	NA
ulau1237	NA
hang1263	NA
bumb1241	NA
mana1298	NA
womp1235	NA
gogo1265	NA
bine1240	NA
abua1245	NA
yera1243	NA
mufi1238	NA
seng1284	NA
huli1244	NA
mari1432	NA
kasu1251	NA
muba1238	NA
bara1378	NA
wata1251	NA
buru1309	NA
nete1240	NA
bisi1244	NA
ambu1247	NA
wipi1242	NA
ipil1240	NA
cham1313	NA
buki1249	NA
kara1497	NA
gaik1242	NA
keak1239	NA
kani1285	NA
biso1243	NA
suma1269	NA
kapr1245	NA
sout2949	NA
fasu1242	NA
tabo1241	NA
alam1246	NA
iatm1242	NA
tape1242	NA
sosk1235	NA
boik1241	NA
anga1292	NA
foii1241	NA
wabo1241	NA
bamu1257	NA
yima1243	NA
anga1294	NA
anga1293	NA
tabr1243	NA
ikob1240	NA
koiw1243	NA
anda1283	NA
fiwa1240	NA
juwa1238	NA
enga1252	NA
chan1319	NA
urim1251	NA
west2599	NA
mekm1240	NA
wiar1238	NA
meri1244	NA
bung1270	NA
tere1276	NA
kama1367	NA
kyen1243	NA
biwa1243	NA
mori1271	NA
kaie1237	NA
lemb1266	NA
bunn1240	NA
erav1244	NA
lang1328	NA
elep1240	NA
east2516	NA
nanu1240	NA
samb1321	NA
kiss1246	NA
mong1344	NA
umbu1258	NA
bari1298	NA
yaul1241	NA
mina1274	NA
imbo1238	NA
ango1255	NA
apma1241	NA
boun1245	NA
woge1237	NA
buna1277	NA
kyak1244	NA
pina1252	NA
muri1260	NA
rumu1243	NA
wiru1244	NA
amba1269	NA
kibi1239	NA
kere1286	NA
bana1292	NA
haru1245	NA
melp1238	NA
folo1238	NA
kobo1249	NA
kopa1248	NA
abuu1241	NA
taia1239	NA
dadi1250	NA
raoo1244	NA
niii1240	NA
wata1253	NA
kala1397	NA
goro1261	NA
mari1435	NA
bosn1248	NA
taii1241	NA
nucl1620	NA
nort2930	NA
romk1240	NA
brer1240	NA
kire1240	NA
bore1247	NA
nara1264	NA
kaia1245	NA
aiom1240	NA
anda1284	NA
gant1244	NA
komi1271	NA
anor1241	NA
nort2921	NA
atem1241	NA
sepe1240	NA
biem1237	NA
kang1291	NA
akru1241	NA
awar1249	NA
igan1243	NA
arua1260	NA
goli1247	NA
ipik1244	NA
payn1244	NA
nend1239	NA
domm1246	NA
inap1241	NA
tang1355	NA
utar1238	NA
tang1356	NA
nucl1458	NA
sepa1241	NA
kand1303	NA
wada1263	NA
kuma1280	NA
more1258	NA
lila1246	NA
anam1248	NA
salt1242	NA
apal1256	NA
sina1271	NA
pura1257	NA
mala1494	NA
anam1247	NA
mumm1238	NA
seim1238	NA
herm1237	NA
pawa1255	NA
kani1282	NA
maia1254	NA
noma1262	NA
chua1250	NA
gend1249	NA
musa1266	NA
gimi1243	NA
sile1255	NA
maia1253	NA
pall1244	NA
sian1257	NA
dano1240	NA
mian1254	NA
mawa1266	NA
kobo1248	NA
pamo1253	NA
fait1240	NA
toka1244	NA
huaa1250	NA
orok1267	NA
biyo1244	NA
yawe1241	NA
sopp1247	NA
yabe1255	NA
usan1239	NA
tauy1241	NA
amai1246	NA
alek1238	NA
yaga1260	NA
mauw1238	NA
kowa1245	NA
musa1265	NA
keor1235	NA
para1307	NA
wana1269	NA
move1241	NA
gira1247	NA
mede1237	NA
bepo1240	NA
yara1250	NA
dana1254	NA
moer1240	NA
isab1240	NA
keya1238	NA
uyaa1238	NA
suma1270	NA
kein1239	NA
saus1246	NA
kare1341	NA
fore1270	NA
urig1240	NA
kora1296	NA
ukur1240	NA
bena1264	NA
samo1306	NA
inok1238	NA
wama1247	NA
kani1283	NA
utuu1240	NA
muni1257	NA
asas1240	NA
kani1286	NA
bila1257	NA
brem1238	NA
siha1245	NA
saru1243	NA
kesa1244	NA
silo1240	NA
mawa1267	NA
mari1428	NA
sins1241	NA
simb1255	NA
mosi1248	NA
baim1245	NA
muru1273	NA
bauu1244	NA
mate1260	NA
guma1255	NA
mala1495	NA
gall1278	NA
kwat1244	NA
bagu1252	NA
usar1243	NA
dudu1240	NA
dump1243	NA
nake1240	NA
abag1245	NA
akoy1238	NA
rapt1240	NA
dimi1244	NA
tain1253	NA
garu1246	NA
amel1241	NA
iseb1246	NA
jili1241	NA
ogea1238	NA
nobo1238	NA
awap1236	NA
rera1240	NA
anja1238	NA
wagi1249	NA
kama1370	NA
tair1256	NA
pula1267	NA
opao1240	NA
pani1258	NA
anka1246	NA
barg1252	NA
male1291	NA
yoid1240	NA
awiy1238	NA
bilb1241	NA
matu1261	NA
remp1241	NA
bong1291	NA
samm1244	NA
kaki1249	NA
owen1244	NA
baru1267	NA
mari1429	NA
yagw1240	NA
yang1298	NA
kena1250	NA
sout2943	NA
araw1272	NA
agar1252	NA
rawa1267	NA
nort2920	NA
wase1252	NA
wask1241	NA
siro1249	NA
gads1258	NA
meny1245	NA
saep1240	NA
dumu1246	NA
kamb1303	NA
safe1240	NA
waff1241	NA
iyoo1238	NA
binu1245	NA
wamp1248	NA
gang1270	NA
mind1255	NA
toar1246	NA
yabo1240	NA
kama1360	NA
kawa1276	NA
kolo1267	NA
nort2857	NA
hamt1247	NA
ufim1240	NA
nekg1240	NA
neko1240	NA
suku1264	NA
ngai1241	NA
anga1290	NA
awad1244	NA
mapa1244	NA
awar1248	NA
bipi1237	NA
sara1323	NA
bulg1265	NA
madi1261	NA
sout2877	NA
lemi1243	NA
guya1251	NA
gwah1244	NA
piuu1237	NA
wabb1237	NA
nank1250	NA
damb1246	NA
asar1240	NA
want1252	NA
kapi1250	NA
mura1271	NA
fora1245	NA
waim1251	NA
zena1237	NA
susu1251	NA
kuma1278	NA
dege1247	NA
mama1277	NA
gora1262	NA
meke1243	NA
yago1240	NA
urii1240	NA
tuma1250	NA
nyin1250	NA
fino1238	NA
pate1247	NA
mala1489	NA
sori1242	NA
somm1240	NA
yopn1238	NA
wamp1247	NA
gusa1246	NA
nimi1240	NA
domu1246	NA
mang1404	NA
liku1243	NA
saka1292	NA
numa1254	NA
ronj1237	NA
bonk1244	NA
kheh1237	NA
mung1272	NA
lala1268	NA
sauk1252	NA
bian1252	NA
mapo1242	NA
naka1264	NA
nafi1237	NA
yama1260	NA
duwe1237	NA
nekk1240	NA
yaum1237	NA
hote1245	NA
kuni1263	NA
nukk1240	NA
pona1250	NA
vehe1237	NA
labu1248	NA
kuni1267	NA
weri1253	NA
arib1240	NA
muso1238	NA
mond1265	NA
tulu1259	NA
amam1246	NA
naba1256	NA
nukn1238	NA
iwal1237	NA
tour1243	NA
abad1241	NA
kurt1250	NA
timb1251	NA
mala1487	NA
koit1244	NA
eree1241	NA
hiri1237	NA
andr1248	NA
taua1242	NA
eluu1241	NA
mese1244	NA
weli1239	NA
koro1309	NA
kela1255	NA
nali1245	NA
leip1237	NA
guhu1244	NA
sele1250	NA
komb1273	NA
numb1247	NA
tokp1240	NA
fuyu1242	NA
buga1250	NA
buru1306	NA
tobo1251	NA
moun1252	NA
kumu1247	NA
moke1240	NA
motu1246	NA
gras1249	NA
kina1251	NA
mula1254	NA
yeko1240	NA
gitu1237	NA
nomu1240	NA
boro1279	NA
suen1241	NA
kube1244	NA
hume1246	NA
sial1240	NA
onoo1246	NA
ziaa1250	NA
dedu1240	NA
mape1249	NA
uare1241	NA
hula1239	NA
miga1241	NA
tami1290	NA
lenk1247	NA
kate1253	NA
pakt1239	NA
moma1243	NA
sene1263	NA
penc1239	NA
sina1266	NA
kova1243	NA
bina1277	NA
nucl1630	NA
hunj1241	NA
keap1239	NA
doro1266	NA
mutu1242	NA
aeka1244	NA
orok1269	NA
omie1241	NA
nami1258	NA
naun1237	NA
nawa1258	NA
mari1438	NA
moik1239	NA
esee1247	NA
ewag1241	NA
domu1245	NA
bari1290	NA
anem1248	NA
gain1243	NA
yare1248	NA
mora1273	NA
baru1269	NA
dogh1241	NA
bauw1240	NA
solo1258	NA
bina1275	NA
anem1249	NA
ouma1237	NA
onjo1240	NA
arif1239	NA
laua1245	NA
mago1248	NA
daga1275	NA
kora1294	NA
maiw1251	NA
yoba1237	NA
ubir1237	NA
gimi1242	NA
mape1250	NA
mail1248	NA
miuu1237	NA
tura1265	NA
aikl1237	NA
dima1252	NA
uman1240	NA
bina1271	NA
ginu1240	NA
kana1288	NA
seng1281	NA
anuk1239	NA
ghay1237	NA
doga1238	NA
karo1298	NA
apal1255	NA
yaka1275	NA
aree1239	NA
dawa1242	NA
kaka1267	NA
bola1250	NA
bulu1253	NA
diod1237	NA
weda1241	NA
buhu1237	NA
akol1237	NA
suau1242	NA
idun1242	NA
kani1281	NA
haig1237	NA
aigh1235	NA
bwai1242	NA
bebe1252	NA
maiw1249	NA
taup1242	NA
waga1268	NA
waem1237	NA
gwed1239	NA
avau1237	NA
kolu1245	NA
mina1269	NA
lesi1239	NA
iama1237	NA
moli1248	NA
oyao1237	NA
bose1237	NA
sali1295	NA
maia1251	NA
guma1254	NA
dobu1241	NA
gale1257	NA
teni1244	NA
tian1237	NA
sewa1251	NA
auhe1237	NA
mamu1254	NA
bwan1241	NA
pele1245	NA
buna1276	NA
mwat1237	NA
kara1486	NA
duau1237	NA
laku1238	NA
kuot1243	NA
kolp1236	NA
qaqe1238	NA
mako1250	NA
lava1239	NA
tomo1244	NA
sulk1246	NA
urap1240	NA
mand1440	NA
simb1259	NA
kair1267	NA
taul1251	NA
unse1236	NA
mali1284	NA
buta1242	NA
bilu1244	NA
misi1243	NA
muyu1244	NA
kono1269	NA
gura1254	NA
nimo1246	NA
niwe1234	NA
budi1249	NA
yele1255	NA
neha1247	NA
peta1245	NA
hako1237	NA
solo1257	NA
haho1237	NA
rapo1238	NA
ramo1245	NA
tinp1237	NA
lawu1237	NA
roto1249	NA
asko1238	NA
sibe1248	NA
sime1242	NA
siwa1245	NA
naas1242	NA
uisa1238	NA
oung1239	NA
koro1313	NA
tere1278	NA
daan1235	NA
vagh1249	NA
lung1249	NA
vari1239	NA
bilu1245	NA
riri1237	NA
duke1237	NA
ngat1248	NA
touo1238	NA
kazu1245	NA
maro1244	NA
vang1243	NA
lagh1246	NA
lavu1241	NA
zaza1245	NA
blab1237	NA
chek1238	NA
gaoo1237	NA
savo1255	NA
mala1484	NA
piji1239	NA
renn1236	NA
bira1254	NA
bael1237	NA
baeg1237	NA
fata1245	NA
dori1246	NA
gula1270	NA
faga1239	NA
baur1252	NA
kahu1241	NA
meaa1237	New Caledonia
newc1244	New Caledonia
Ngaapuhi	Central Pacific
Ngaati Kohungunu	Central Pacific
Ngaati Porou	Central Pacific
sout2867	Central Pacific
tara1315	Central Pacific
Te Ao Puri	Central Pacific
Tuuhoe	Central Pacific
Tuuwharetoa	Central Pacific
Waikato	Central Pacific
newc1245	New Caledonia
tiri1261	New Caledonia
agta1234	NA
araf1245	NA
baim1246	NA
bant1293	NA
bayb1234	NA
biag1234	NA
bina1274	NA
duvl1238	NA
east2694	NA
haun1238	NA
hiri1235	NA
hiri1236	NA
hoia1235	NA
hoya1235	NA
imun1234	NA
ioit1234	NA
jofo1235	NA
kaer1234	NA
kina1252	NA
koke1241	NA
kora1298	NA
kwin1242	NA
kwom1264	NA
magi1243	NA
mahi1249	NA
mala1534	NA
mole1239	NA
mouw1234	NA
murp1234	NA
nasa1239	NA
nori1242	NA
nort3262	NA
oldm1243	NA
ooku1235	NA
papu1254	NA
pidg1237	NA
pidg1251	NA
pidg1257	NA
tand1258	NA
taut1234	NA
tola1236	NA
unub1234	NA
vito1235	NA
yima1235	NA
yima1244	NA
yima1245	NA
yima1246	NA
yout1234	NA
vovo1238	Central Vanuatu
wala1268	Central Vanuatu
ocea1241	Proto-Oceanic
kara1486	Bismarck
mari1428	New Guinea mainland / Louisiade archipelago
maro1244	Solomons and Bougainville
matu1261	New Guinea mainland / Louisiade archipelago
misi1243	New Guinea mainland / Louisiade archipelago
muyu1244	New Guinea mainland / Louisiade archipelago
neha1247	Solomons and Bougainville
seim1238	Bismarck
seng1281	Bismarck
abad1241	New Guinea mainland / Louisiade archipelago
aree1239	New Guinea mainland / Louisiade archipelago
awad1244	New Guinea mainland / Louisiade archipelago
blab1237	Solomons and Bougainville
bola1250	Bismarck
buga1250	New Guinea mainland / Louisiade archipelago
buhu1237	New Guinea mainland / Louisiade archipelago
buna1276	New Guinea mainland / Louisiade archipelago
bwai1242	New Guinea mainland / Louisiade archipelago
chek1238	Solomons and Bougainville
dobu1241	New Guinea mainland / Louisiade archipelago
guma1254	New Guinea mainland / Louisiade archipelago
hote1245	New Guinea mainland / Louisiade archipelago
hula1239	New Guinea mainland / Louisiade archipelago
iama1237	New Guinea mainland / Louisiade archipelago
idun1242	New Guinea mainland / Louisiade archipelago
iwal1237	New Guinea mainland / Louisiade archipelago
keap1239	New Guinea mainland / Louisiade archipelago
labu1248	New Guinea mainland / Louisiade archipelago
lala1268	New Guinea mainland / Louisiade archipelago
mapo1242	New Guinea mainland / Louisiade archipelago
muso1238	New Guinea mainland / Louisiade archipelago
pate1247	New Guinea mainland / Louisiade archipelago
sobe1238	New Guinea mainland / Louisiade archipelago
tami1290	New Guinea mainland / Louisiade archipelago
ubir1237	New Guinea mainland / Louisiade archipelago
waim1251	New Guinea mainland / Louisiade archipelago
